{"train/loss": 0.0002246569056296721, "train/u_accuracy": 0.8125, "train/v_accuracy": 0.875, "val/loss": 0.0001975617342395708, "val/u_accuracy": 0.856083333492279, "val/v_accuracy": 0.8667916655540466, "time_this_iter_s": 30.648107767105103, "training_iteration": 600, "timestamp": 1688789651, "time_total_s": 18378.492327213287, "time_since_restore": 18378.492327213287, "timesteps_since_restore": 0, "iterations_since_restore": 600, "warmup_time": 0.0025055408477783203, "config/b_size": 32, "config/n_hlay": 0, "config/hdim": 32, "config/lr": 1.4731533999057468e-05, "config/n_inputs": 12, "config/n_outputs": 8, "config/accuracy_tolerance": 0.01, "config/num_workers": 6, "config/generate_new_data": false, "config/dataset_size": 120000, "config/normalized_data": true, "config/dt": 0.01, "config/cpu_num": 7, "config/gpu_num": 1.0, "config/max_epochs": 600, "config/num_samples": 100, "_timestamp": 1688789651.5974615, "_runtime": 18381.58419251442, "_step": 599, "_wandb": {"runtime": 18381}}