{"train/loss": 2.840944944182411e-05, "train/u_accuracy": 1.0, "train/v_accuracy": 1.0, "val/loss": 2.8737022148561664e-05, "val/u_accuracy": 0.9708499908447266, "val/v_accuracy": 0.9486500024795532, "time_this_iter_s": 50.57582640647888, "training_iteration": 750, "timestamp": 1688743324, "time_total_s": 37838.06286692619, "time_since_restore": 37838.06286692619, "timesteps_since_restore": 0, "iterations_since_restore": 750, "warmup_time": 0.0028820037841796875, "config/b_size": 16, "config/n_hlay": 0, "config/hdim": 64, "config/lr": 0.007556751109428575, "config/n_inputs": 12, "config/n_outputs": 8, "config/accuracy_tolerance": 0.01, "config/num_workers": 6, "config/generate_new_data": false, "config/dataset_size": 100000, "config/normalized_data": true, "config/dt": 0.01, "config/cpu_num": 7, "config/gpu_num": 1.0, "config/max_epochs": 750, "config/num_samples": 150, "_timestamp": 1688743324.3772128, "_runtime": 37835.30584979057, "_step": 749, "_wandb": {"runtime": 37834}}