{"train/loss": 3.410456338315271e-05, "train/u_accuracy": 0.984375, "train/v_accuracy": 0.984375, "val/loss": 4.116604395676404e-05, "val/u_accuracy": 0.9900681376457214, "val/v_accuracy": 0.9884058833122253, "time_this_iter_s": 8.082406044006348, "training_iteration": 600, "timestamp": 1688796254, "time_total_s": 4879.897668361664, "time_since_restore": 4879.897668361664, "timesteps_since_restore": 0, "iterations_since_restore": 600, "warmup_time": 0.0025055408477783203, "config/b_size": 128, "config/n_hlay": 0, "config/hdim": 128, "config/lr": 0.0011553872849546089, "config/n_inputs": 12, "config/n_outputs": 8, "config/accuracy_tolerance": 0.01, "config/num_workers": 6, "config/generate_new_data": false, "config/dataset_size": 120000, "config/normalized_data": true, "config/dt": 0.01, "config/cpu_num": 7, "config/gpu_num": 1.0, "config/max_epochs": 600, "config/num_samples": 100, "_timestamp": 1688796254.4599478, "_runtime": 4877.336176872253, "_step": 599, "_wandb": {"runtime": 4876}}