{"train/loss": 0.007040422409772873, "train/u_accuracy": 0.95703125, "train/v_accuracy": 0.78515625, "val/loss": 0.005091936327517033, "val/u_accuracy": 0.9261829853057861, "val/v_accuracy": 0.9727532267570496, "time_this_iter_s": 4.199423551559448, "training_iteration": 750, "timestamp": 1687577051, "time_total_s": 3166.995527982712, "time_since_restore": 3166.995527982712, "timesteps_since_restore": 0, "iterations_since_restore": 750, "warmup_time": 0.0025796890258789062, "config/b_size": 256, "config/n_hlay": 0, "config/hdim": 128, "config/lr": 0.002962942736441659, "config/n_inputs": 12, "config/n_outputs": 8, "config/accuracy_tolerance": 0.01, "config/num_workers": 6, "config/generate_new_data": false, "config/dataset_size": 120000, "config/normalized_data": true, "config/dt": 0.01, "config/cpu_num": 7, "config/gpu_num": 1.0, "config/max_epochs": 750, "config/num_samples": 200, "_timestamp": 1687577051.4757934, "_runtime": 3164.421439409256, "_step": 749, "_wandb": {"runtime": 3164}}