{"train/loss": 3.2402327633462846e-05, "train/u_accuracy": 1.0, "train/v_accuracy": 0.75, "val/loss": 3.408602424315177e-05, "val/u_accuracy": 0.9801999926567078, "val/v_accuracy": 0.7720499634742737, "time_this_iter_s": 62.033827781677246, "training_iteration": 468, "timestamp": 1688768975, "time_total_s": 25270.887238025665, "time_since_restore": 25270.887238025665, "timesteps_since_restore": 0, "iterations_since_restore": 468, "warmup_time": 0.0028820037841796875, "config/b_size": 16, "config/n_hlay": 0, "config/hdim": 64, "config/lr": 0.007877548421243002, "config/n_inputs": 12, "config/n_outputs": 8, "config/accuracy_tolerance": 0.01, "config/num_workers": 6, "config/generate_new_data": false, "config/dataset_size": 100000, "config/normalized_data": true, "config/dt": 0.01, "config/cpu_num": 7, "config/gpu_num": 1.0, "config/max_epochs": 750, "config/num_samples": 150, "_timestamp": 1688768975.3131278, "_runtime": 25268.2517516613, "_step": 467, "_wandb": {"runtime": 25308}}